seed,split,class,support,predicted_support,precision,recall,f1
42,validation,Center,55,55,0.9818181818181818,0.9818181818181818,0.9818181818181818
42,validation,Donut,55,57,0.9298245614035088,0.9636363636363636,0.9464285714285714
42,validation,Edge-Loc,55,65,0.7538461538461538,0.8909090909090909,0.8166666666666667
42,validation,Edge-Ring,55,52,1.0,0.9454545454545454,0.9719626168224299
42,validation,Loc,55,49,0.7142857142857143,0.6363636363636364,0.6730769230769231
42,validation,Random,55,55,0.9636363636363636,0.9636363636363636,0.9636363636363636
42,validation,Scratch,55,52,0.7884615384615384,0.7454545454545455,0.7663551401869159
42,test,Center,55,57,0.9122807017543859,0.9454545454545454,0.9285714285714286
42,test,Donut,55,55,0.9454545454545454,0.9454545454545454,0.9454545454545454
42,test,Edge-Loc,55,58,0.7931034482758621,0.8363636363636363,0.8141592920353983
42,test,Edge-Ring,55,53,0.9811320754716981,0.9454545454545454,0.9629629629629629
42,test,Loc,55,45,0.7555555555555555,0.6181818181818182,0.68
42,test,Random,55,55,0.9454545454545454,0.9454545454545454,0.9454545454545454
42,test,Scratch,55,62,0.7258064516129032,0.8181818181818182,0.7692307692307693
43,validation,Center,55,54,0.8888888888888888,0.8727272727272727,0.8807339449541285
43,validation,Donut,55,57,0.9122807017543859,0.9454545454545454,0.9285714285714286
43,validation,Edge-Loc,55,63,0.7777777777777778,0.8909090909090909,0.8305084745762712
43,validation,Edge-Ring,55,52,1.0,0.9454545454545454,0.9719626168224299
43,validation,Loc,55,64,0.609375,0.7090909090909091,0.6554621848739496
43,validation,Random,55,47,0.9787234042553191,0.8363636363636363,0.9019607843137255
43,validation,Scratch,55,48,0.8333333333333334,0.7272727272727273,0.7766990291262136
43,test,Center,55,61,0.9016393442622951,1.0,0.9482758620689655
43,test,Donut,55,56,0.9821428571428571,1.0,0.990990990990991
43,test,Edge-Loc,55,60,0.8,0.8727272727272727,0.8347826086956521
43,test,Edge-Ring,55,55,0.9636363636363636,0.9636363636363636,0.9636363636363636
43,test,Loc,55,59,0.6610169491525424,0.7090909090909091,0.6842105263157895
43,test,Random,55,51,0.9803921568627451,0.9090909090909091,0.9433962264150944
43,test,Scratch,55,43,0.813953488372093,0.6363636363636364,0.7142857142857143
44,validation,Center,55,55,0.9090909090909091,0.9090909090909091,0.9090909090909091
44,validation,Donut,55,55,0.9454545454545454,0.9454545454545454,0.9454545454545454
44,validation,Edge-Loc,55,58,0.8275862068965517,0.8727272727272727,0.8495575221238938
44,validation,Edge-Ring,55,49,0.9795918367346939,0.8727272727272727,0.9230769230769231
44,validation,Loc,55,52,0.7307692307692307,0.6909090909090909,0.7102803738317757
44,validation,Random,55,53,0.9811320754716981,0.9454545454545454,0.9629629629629629
44,validation,Scratch,55,63,0.746031746031746,0.8545454545454545,0.7966101694915254
44,test,Center,55,53,0.9811320754716981,0.9454545454545454,0.9629629629629629
44,test,Donut,55,53,0.9622641509433962,0.9272727272727272,0.9444444444444444
44,test,Edge-Loc,55,56,0.8035714285714286,0.8181818181818182,0.8108108108108109
44,test,Edge-Ring,55,53,0.9811320754716981,0.9454545454545454,0.9629629629629629
44,test,Loc,55,55,0.7272727272727273,0.7272727272727273,0.7272727272727273
44,test,Random,55,54,0.9444444444444444,0.9272727272727272,0.9357798165137615
44,test,Scratch,55,61,0.7704918032786885,0.8545454545454545,0.8103448275862069
